symbol,space_id,proposal_id,title,type,state,start,end,votes,scores_total,quorum,top_choice_pct,author
UNI,uniswapgovernance.eth,0x48e56786fd4ab27c5b089b45be1e914d4a3a0f9d067ac51eff0b26a882e49bde,[RFC] Governance Process Upgrade: Establishing a Statute of Limitations for Temperature Checks,single-choice,closed,2026-03-03,2026-03-08,133,5753874.4708579285,10000000,100.0,0x3FB19771947072629C8EEE7995a2eF23B72d4C8A
UNI,uniswapgovernance.eth,0x0242a914c60945d25873d2a98c6abd9f69cb889c6616e27f3c0ab759f9e8d783,[Temp Check] Protocol Fee Expansion: Eight More Chains and Remaining Mainnet V3 Pools,basic,closed,2026-02-18,2026-02-23,150,35153339.79473837,10000000,100.0,0x927c7fD078FC406059957a691c21F6E0fC4A959C
UNI,uniswapgovernance.eth,0x1086839122667be04c0eec25ba224fe4ac1b990383ddfe05b80ce201a06b4abf,"Strategic Renewal of Gnosis, Linea, and Mantle Deployments",basic,closed,2025-12-02,2025-12-07,449,13713881.867694754,10000000,79.9,0xa6e8772af29b29B9202a073f8E36f447689BEef6
UNI,uniswapgovernance.eth,0x58d854c1f2468db6b67baab026cca1329c7bcaa5bf834146aa7563a5b45ad09f,UNIfication,basic,closed,2025-11-18,2025-11-23,307,63029954.86493395,10000000,100.0,0x50EC05ADe8280758E2077fcBC08D878D4aef79C3
UNI,uniswapgovernance.eth,0x3836142b24294e065fc9f26e24c70732dce53f15361f50261297bc206acda441,Uniswap Community Proposal Factory,basic,closed,2025-11-06,2025-11-11,166,11265964.501400005,10000000,77.6,0xa6e8772af29b29B9202a073f8E36f447689BEef6
UNI,uniswapgovernance.eth,0x5edf7f0dccce2bbd3be792c5b9dd23f15f6dc66117510ef67ef0d3951373b504,Grow Uniswap on Plasma,single-choice,closed,2025-10-07,2025-10-12,161,20400120.439743135,10000000,98.7,0x3FB19771947072629C8EEE7995a2eF23B72d4C8A
UNI,uniswapgovernance.eth,0x9a52a7fc0213d077b11924e1d0949637bbc9b6f07cd0bebeff70b92da0cda4ff, Treasury Delegation Round 2 Elections,weighted,closed,2025-09-29,2025-10-04,159,20645295.563116685,10000000,19.2,0x3FB19771947072629C8EEE7995a2eF23B72d4C8A
UNI,uniswapgovernance.eth,0x1423731999c4ddd17568ac01b1b0f64f12c26138f0c3f9284dd688fa1d665989,GLI — Incentivized Delegation Vaults,basic,closed,2025-09-02,2025-09-07,174,28029583.50684139,10000000,61.7,0xECC2a9240268BC7a26386ecB49E1Befca2706AC9
UNI,uniswapgovernance.eth,0x0d56ae30379b00f3862b3e13ef44ce628f3d19609984b8fcfcf90e48b35842e8,GLI — Treasury delegation Round 2,basic,closed,2025-09-02,2025-09-07,172,25508108.877260286,10000000,78.0,0xECC2a9240268BC7a26386ecB49E1Befca2706AC9
UNI,uniswapgovernance.eth,0xfc6edc8b64e1fa8eef46d187557969b14ca24ac58b8b6d6b302ea27a2213849d,Launching Uniswap v3 on Ronin with co-incentives,single-choice,closed,2025-09-01,2025-09-06,152,20450027.280703396,10000000,56.4,0x3FB19771947072629C8EEE7995a2eF23B72d4C8A
UNI,uniswapgovernance.eth,0xf9f99fe0f9425c2b2e624185860bcc38ac00bda6abe330e9c123f5c5c29dfbac,"Establish Uniswap Governance as “DUNI,” a Wyoming DUNA",basic,closed,2025-08-25,2025-08-30,210,41261613.612162605,10000000,100.0,0x0459f41c5f09BF678D9C07331894dE31d8C22255
UNI,uniswapgovernance.eth,0xea4a1505c96ce4ef5c1f88e6cc3ec89d63f3d88219aa97af97b8384d006a5f92,Uniswap Delegate Reward Initiative - Cycle 4,basic,closed,2025-08-13,2025-08-18,251,21286493.835410208,10000000,94.1,0xECC2a9240268BC7a26386ecB49E1Befca2706AC9
UNI,uniswapgovernance.eth,0xc689d74757ccf1de09c3b8656dcd2f0d678972c9715a318aa4e9b659a5ebaca1,[TEMP CHECK] - Etherlink Co-incentives Proposal,single-choice,closed,2025-07-11,2025-07-16,178,20193845.76140708,10000000,61.0,0x3FB19771947072629C8EEE7995a2eF23B72d4C8A
UNI,uniswapgovernance.eth,0x537a301c4c94c1ec0b972bab558e2e36b1fa1111f0cbc4d5a59b0465f505c9ab,Uniswap Unichain - USDS and sUSDS Co-Incentives Growth Management Plan,basic,closed,2025-06-17,2025-06-22,222,23508494.927481502,10000000,84.9,0xECC2a9240268BC7a26386ecB49E1Befca2706AC9
UNI,uniswapgovernance.eth,0x5915e661808f896203ff5759e737e04861bf8fa09525972d481cbccf7776f485,Trial run a Technical Advisory Board (TAB),basic,closed,2025-06-12,2025-06-17,333,26545729.025454085,10000000,94.7,0xc5547B4907418C2EC0C2A95beC6fEE8354657759
UNI,uniswapgovernance.eth,0xb9a79884fab779132907835d8c6360b781ed0a17c8a33ac41594a27f6c366ce4,Uniswap Accountability Committee S4 Elections,weighted,closed,2025-05-22,2025-05-27,196,29988984.53486733,10000000,24.1,0x3FB19771947072629C8EEE7995a2eF23B72d4C8A
UNI,uniswapgovernance.eth,0xd0e154ab11dfeed1fb652c4a4db011937ffa7dd3333847936c09a668b5e5e804,Four Chains for Analytics Hub for Uniswap’s Revitalization and Growth Program,weighted,closed,2025-05-01,2025-05-06,204,27817489.796564147,10000000,74.3,0xECC2a9240268BC7a26386ecB49E1Befca2706AC9
UNI,uniswapgovernance.eth,0x675c9697cc6c8d1cab27e1cffab3fdc7740b3e978eb37d8b6dcce76d1726670f,[Temp Check] Analytics Hub for Uniswap’s Revitalization and Growth Program,basic,closed,2025-05-01,2025-05-06,429,27583271.37418488,10000000,56.5,0xECC2a9240268BC7a26386ecB49E1Befca2706AC9
UNI,uniswapgovernance.eth,0x58f16ed9e140551bb80d265ea9b958e96c542a7d7afc081610f72506a4f7cb05,[TEMP CHECK] Scaling V4 and Supporting Unichain,basic,closed,2025-04-29,2025-05-04,402,33352216.260550834,10000000,68.6,0xa6e8772af29b29B9202a073f8E36f447689BEef6
UNI,uniswapgovernance.eth,0x46fef087a43555e156db287d370151a76e19e1e2cd7d36f442409987f93d4215,[Temp Check/Revised] Treasury Delegation Round 2,basic,closed,2025-04-24,2025-04-29,272,37518544.927564874,10000000,55.9,0x13BDaE8c5F0fC40231F0E6A4ad70196F59138548
UNI,uniswapgovernance.eth,0xaf7a6894af35b3a71cd7222d4a17ef2ef85ff8ffb3f02be8c7e6e9dec548f9bf,Approved Budgets Rebalancing (S4),single-choice,closed,2025-04-24,2025-04-29,196,40879329.65552463,10000000,96.4,0x3FB19771947072629C8EEE7995a2eF23B72d4C8A
UNI,uniswapgovernance.eth,0x629995d68efbfea149bbd4fdc35cfcacca9bd327e3cbf1382fd6753df583e890,UAC Renewal S4,single-choice,closed,2025-04-24,2025-04-29,194,40879328.359458305,10000000,96.4,0x3FB19771947072629C8EEE7995a2eF23B72d4C8A
UNI,uniswapgovernance.eth,0xfbaf8a48bc110a815e6b8cfaaf6c73451cb0c6e5e3d48e10e72893bf95911740,[TEMP CHECK] Establish Uniswap v4 Licensing Process,basic,closed,2025-04-11,2025-04-16,257,41288860.36436843,10000000,100.0,0x8787FC2De4De95c53e5E3a4e5459247D9773ea52
UNI,uniswapgovernance.eth,0xad0e29aa7bc8e783c15b959b92b02b871af879b8f36372e80fc5ff5fc189ed8f,[TEMP CHECK] BoB Uniswap v3 Incentives Package,single-choice,closed,2025-04-10,2025-04-15,219,37834497.803027116,10000000,86.8,0x3FB19771947072629C8EEE7995a2eF23B72d4C8A
UNI,uniswapgovernance.eth,0x04af1fcb7538cf5458c5c17baa50fe410952d48e98d451a6ca5f7b94fea87ee8,[Temp Check] Treasury Delegation Round 2,basic,closed,2025-03-27,2025-04-01,341,40633031.13763476,10000000,60.3,0xB79294D00848a3A4C00c22D9367F19B4280689D7
COMP,comp-vote.eth,0x6da835802571f46985e5a6baf59a16acb3753de6046c4c7b54796b9dcc42f56b,[Temperature Check] Compound Blue Deprecation,basic,closed,2026-01-30,2026-02-06,38,477390.4626618853,0,100.0,0x683a4F9915D6216f73d6Df50151725036bD26C02
COMP,comp-vote.eth,0x32334a7a89b6f2f08cf6975a77270c45e197bb4a2ef68309cb2ef736809f767a,Adopt Optimistic Governance for Market Parameter Updates,basic,closed,2025-12-02,2025-12-09,46,819390.8802756593,0,100.0,0x0579A616689f7ed748dC07692A3F150D44b0CA09
COMP,comp-vote.eth,0x77f768e7b141f3142f242e280d2ba4451a1b9517d54892ab6b918b7061fd225d,[Temperature Check] Compound V2 Deprecation,basic,closed,2025-09-29,2025-10-06,25,347291.18916640186,0,100.0,0x683a4F9915D6216f73d6Df50151725036bD26C02
COMP,comp-vote.eth,0x99886c618d8b35a9b4a6098821fcab98880805a9ee03c00e59705fa7fd26afd7,Phase 1 of the $COMP Distribution is Live Following a Successful DAO Vote!,basic,closed,2025-08-18,2025-08-21,0,0.0,0,0.0,0xD3d7cA47a24025Ec56195F94C4b1B252290d43a2
COMP,comp-vote.eth,0x69e91b943ebdd65906cd909d196b95dd4e1be266823e76f89c13bf9050632c61,"After a Successful DAO Vote, Compound decided to Launch the 1 Phase of the $COMP Distribution",basic,closed,2025-08-18,2025-08-21,1,10.0,0,100.0,0x0349556b46a5DA6C10E886EB6d02cf0a858B8EE3
COMP,comp-vote.eth,0x14222d95cb6a81a2cf3d10e63f621b781fc17f2ea52fff834de9eaca34aca5ba,"After a Successful DAO Vote, Compound decided to Launch the 1 Phase of the $COMP Distribution",basic,closed,2025-08-17,2025-08-20,2,11.0,0,90.9,0x0349556b46a5DA6C10E886EB6d02cf0a858B8EE3
COMP,comp-vote.eth,0xe1d6eb08907223b65eb410fe61b86d40c4285745084b39dfee4dde5a99b51a39,"After a Successful DAO Vote, Compound decided to Launch the 1 Phase of the $COMP Distribution",single-choice,closed,2025-08-17,2025-08-20,22,11.902520491506582,0,100.0,0x0349556b46a5DA6C10E886EB6d02cf0a858B8EE3
COMP,comp-vote.eth,0x29f34f6cae855cb2605b81d490db7a13565be448a72b5f7a3d121db4b1a0cc49,Security Service Provider RFP,weighted,closed,2025-07-28,2025-08-04,38,450683.25410262175,0,94.4,0x0579A616689f7ed748dC07692A3F150D44b0CA09
COMP,comp-vote.eth,0xe0c4e01a80e9352339fed2a7e547ca8342ab4c5d0eca1bb54bb85db7b0b791b7,Adopt an OEV Solution on Linea (2025 RFP),weighted,closed,2025-07-05,2025-07-11,17,500263.2554370325,0,91.7,0x0579A616689f7ed748dC07692A3F150D44b0CA09
COMP,comp-vote.eth,0x3a40ab32704c2e4d27fbe86018a954f82b598ceda1597fe04b67293ff7aa0db0,Adopt an OEV Solution on Ronin (2025 RFP),weighted,closed,2025-07-05,2025-07-11,16,500263.25391769997,0,91.2,0x0579A616689f7ed748dC07692A3F150D44b0CA09
COMP,comp-vote.eth,0x9502fab4d5768e30326948b26780664b6a3e1da00c3c65d32095b5897a35e21d,Adopt an OEV Solution on Mantle (2025 RFP),weighted,closed,2025-07-05,2025-07-11,19,588875.75328121,0,92.6,0x0579A616689f7ed748dC07692A3F150D44b0CA09
COMP,comp-vote.eth,0xc2b750abc6ebdb94af46a2b4ba907e85f9b1f642e908a9a7c021a7065f73ae25,Adopt an OEV Solution on Scroll (2025 RFP),weighted,closed,2025-07-05,2025-07-11,15,450262.2388430081,0,90.5,0x0579A616689f7ed748dC07692A3F150D44b0CA09
COMP,comp-vote.eth,0xe30fa5b9df1534a9b9558db27cfbc8543b202da9a4341ca67acfdca79c1b8c6f,Adopt an OEV Solution on Optimism (2025 RFP),weighted,closed,2025-07-05,2025-07-11,15,450262.2388430081,0,90.8,0x0579A616689f7ed748dC07692A3F150D44b0CA09
COMP,comp-vote.eth,0x056f3f1ba1bd253a8d103221f9bcde970287f722b7d2535a8136c8eed4be519d,Adopt an OEV Solution on Arbitrum (2025 RFP),weighted,closed,2025-07-05,2025-07-11,33,1019255.7769771906,0,65.1,0x0579A616689f7ed748dC07692A3F150D44b0CA09
COMP,comp-vote.eth,0x0a898c9a26b02ebd80f9de77c29a5ff5cdaca77b39a3d1ce22c0555be40028ed,Adopt an OEV Solution on Polygon (2025 RFP),weighted,closed,2025-07-05,2025-07-11,41,1472057.8721089214,0,57.7,0x0579A616689f7ed748dC07692A3F150D44b0CA09
COMP,comp-vote.eth,0xffd84200f112926e8b21793ee3750f272fc40a3f90399f86d41971a44aa3edf3,Adopt an OEV Solution on Base (2025 RFP),weighted,closed,2025-07-05,2025-07-11,25,896236.7918835817,0,96.3,0x0579A616689f7ed748dC07692A3F150D44b0CA09
COMP,comp-vote.eth,0x9dec19ef207e1f64db21f591c5523a4a1a9ff734db76f1ad428067d61ae5b792,Adopt an OEV Solution on Unichain (2025 RFP),weighted,closed,2025-07-05,2025-07-11,20,656485.5162495418,0,95.1,0x0579A616689f7ed748dC07692A3F150D44b0CA09
COMP,comp-vote.eth,0x98a3873319cdb5a4c66b6f862752bdcfb40d443a5b9c2f9472188d7ed5f9f2e0,Adopt an OEV Solution on Ethereum Mainnet (2025 RFP),weighted,closed,2025-07-05,2025-07-11,35,1134286.6672103086,0,66.4,0x0579A616689f7ed748dC07692A3F150D44b0CA09
COMP,comp-vote.eth,0x1d596409a8d530f17c8c7dd9d963873d02fb06cd43612cb987935666fa4bc045,Voting Service Provider RFP,weighted,closed,2025-07-05,2025-07-11,28,777558.7136795025,0,71.1,0x3FB19771947072629C8EEE7995a2eF23B72d4C8A
COMP,comp-vote.eth,0x439e04e2fb564644673a84b082cebfb8c46b0ad149230cd2973c5d074dcd3bdb,Authorizing the CGWG to Facilitate RFPs,single-choice,closed,2025-06-18,2025-06-23,24,752121.474189553,0,53.5,0x3FB19771947072629C8EEE7995a2eF23B72d4C8A
COMP,comp-vote.eth,0x555b204cbabdfc3cb6a42ea53b194ba0ae3b0eca3da9eb9b163ee73f2a817175,[TEMP-CHECK] Onboard deUSD & sdeUSD on Compound V3 Mainnet,approval,closed,2025-06-04,2025-06-10,27,618914.0538821659,0,67.9,0xd2A79F263eC55DBC7B724eCc20FC7448D4795a0C
COMP,comp-vote.eth,0xaaaf1878e23b99a32cf217f6fce6156c04a0d853d745125ed287d510d39f40eb,Onboarding New Collaterals to Compound V3,single-choice,closed,2025-05-06,2025-05-08,24,390894.8424489879,0,66.7,0xd2A79F263eC55DBC7B724eCc20FC7448D4795a0C
LDO,lido-snapshot.eth,0x0b429993f28a10915f8b233293f29cef37f8b27aa158e1348ae1d0b387c493e7,Integrate Lido into the Galaxy Challenge Game 🚀,basic,closed,2026-03-12,2026-03-15,1,2.0,0,100.0,0x1d1b8C01B347664347621e96849a334FD6EFf61c
LDO,lido-snapshot.eth,0x7f28fddde63f492de5c9dce4f992b6e0565328f258f27aa769e50520dfd1be0b,Delegate Incentivization Program 2.0,single-choice,closed,2026-03-02,2026-03-09,84,60216713.07216737,0,98.0,0xFf64362EBf794a22A23E12666C4f875A31581fCe
LDO,lido-snapshot.eth,0xd32eab4ce41e2754d8a51fdf89bd9f4eb43ecbeb7b60d0e93ce84bc3e4d4c8a3,Authorize $5M DAO Treasury Allocation to Lido Earn ETH and USD Vaults,single-choice,closed,2026-03-02,2026-03-09,84,62518705.44313736,0,98.0,0xFf64362EBf794a22A23E12666C4f875A31581fCe
LDO,lido-snapshot.eth,0x60d9126fed2a492a22ef53942a16a7a8a7ec3a576ffc2b2367ebcec8eb6baa30,Should Stakin continue in the Curated and DVT sets following its acquisition by The Tie?,single-choice,closed,2026-03-02,2026-03-09,83,62518456.33139737,0,97.6,0xFf64362EBf794a22A23E12666C4f875A31581fCe
LDO,lido-snapshot.eth,0xb4a35720b03f4c888c2fb41ab66ed324262d7a5b4696ffc3ee20bb35ebb0df6f,Rewards Share Committee Reform,single-choice,closed,2026-01-19,2026-01-26,106,54577800.17992741,0,100.0,0xFf64362EBf794a22A23E12666C4f875A31581fCe
LDO,lido-snapshot.eth,0x8b8619f09213b868708b25cb2512023234e5e160cba5c291f4e9d944d2ccd3fa,DVT & DVV Incentive Allocation Changes,single-choice,closed,2026-01-19,2026-01-26,91,54535406.38100681,0,100.0,0xFf64362EBf794a22A23E12666C4f875A31581fCe
LDO,lido-snapshot.eth,0x9504d26771291e011ff54c2e0d7665e79621aa0225c0d573697f1c4061401938,GOOSE 2025 cycle: Lido DAO goals for 2026,single-choice,closed,2025-12-11,2025-12-19,66,58773292.51417483,0,100.0,0xFf64362EBf794a22A23E12666C4f875A31581fCe
LDO,lido-snapshot.eth,0xf263b730f1c64d637ec27227121d7c5bd2189bf456514bad8225e960cf34d7b0,Ecosystem Grant gRequest (EGG): Executing GOOSE-3,single-choice,closed,2025-12-11,2025-12-19,64,56731389.47654656,0,100.0,0xFf64362EBf794a22A23E12666C4f875A31581fCe
LDO,lido-snapshot.eth,0x5e087c8d53509dd9b55441f9ee6180da21ee5cf8fe68fab9d852b75b35a44a18,Lido Alliance BORG – Amendment of Bylaws to Enable GOOSE-3 Execution,single-choice,closed,2025-12-11,2025-12-19,61,56731052.86841891,0,100.0,0xFf64362EBf794a22A23E12666C4f875A31581fCe
LDO,lido-snapshot.eth,0x0188ab77d59b11ce589d88c350093faffdb07b3a9c9ba4d8af12755d4b2178c0,Adopt The SEAL Safe Harbor Agreement,single-choice,closed,2025-12-11,2025-12-19,63,56731233.08132465,0,100.0,0xFf64362EBf794a22A23E12666C4f875A31581fCe
LDO,lido-snapshot.eth,0x3a5d10fcd3fad6d5ccf05f5bd49244046600ad9cbed9a5e07845200b3ae97e09,Curated Module Fee Changes,single-choice,closed,2025-11-24,2025-12-01,67,58194022.718214266,0,100.0,0xFf64362EBf794a22A23E12666C4f875A31581fCe
LDO,lido-snapshot.eth,0x4dd947f5e73377b074fd393148b377558179f22ea923d584dd3c718f3bab0687,Conversion of Treasury Stablecoins into sUSDS or TMMFs,single-choice,closed,2025-11-24,2025-12-01,61,54802959.0519267,0,100.0,0xFf64362EBf794a22A23E12666C4f875A31581fCe
LDO,lido-snapshot.eth,0x16ecb51631d67213d44629444fcc6275bc2abe4d7e955bebaf15c60a42cba471,Transfer TRP to Lido Labs Foundation and Amend TRP Terms,single-choice,closed,2025-10-31,2025-11-07,77,52241277.8583867,0,100.0,0xFf64362EBf794a22A23E12666C4f875A31581fCe
LDO,lido-snapshot.eth,0xc87e56b48594d0a5560a959ac32252f86464966a5a9d6ea86ef189d842d9328a,Lido Ecosystem Grants Organization (LEGO) — Framework Update 1 October 2025,single-choice,closed,2025-10-31,2025-11-07,75,55406820.322857134,0,100.0,0xFf64362EBf794a22A23E12666C4f875A31581fCe
LDO,lido-snapshot.eth,0xf842517c2ffba082efac87ec43365e86548adb38e24d1446d850c7d7b979c423,Empowering Lido Ecosystem Foundation to Lead Bridge-Related Partnerships,single-choice,closed,2025-10-15,2025-10-22,99,55473768.34174119,0,100.0,0xFf64362EBf794a22A23E12666C4f875A31581fCe
LDO,lido-snapshot.eth,0x62eb338c6d256d43ee54e2b79e9442b58fcfda4ecdcd817ff6422d564d153e9a,Proposal for Updating Lido on Ethereum Validator Exits SNOP to v3,single-choice,closed,2025-10-15,2025-10-22,97,55472555.715217106,0,100.0,0xFf64362EBf794a22A23E12666C4f875A31581fCe
LDO,lido-snapshot.eth,0x01cd474645cc7c3ddf68314d475d421ef833499297f508fee5f7411fafff3954,Lido V3 — Design & Implementation Proposal,single-choice,closed,2025-09-22,2025-09-29,74,57907206.12465572,0,100.0,0x7FEa69d107A77B5817379d1254cc80D9671E171b
LDO,lido-snapshot.eth,0x4267fe277e52a3550e82286af96948a258392ddd303df6b479c4d8f4664acdd0,NEST - Network Economic Support Tokenomics,single-choice,closed,2025-09-22,2025-09-29,77,58145893.856079936,0,100.0,0x7FEa69d107A77B5817379d1254cc80D9671E171b
LDO,lido-snapshot.eth,0x0e8b53944051321d2cedf8881b546427bc6a22c9fe16f7d150af62fd837ff7da,Establish the stVaults Committee,single-choice,closed,2025-09-22,2025-09-29,76,57906639.52011493,0,100.0,0x7FEa69d107A77B5817379d1254cc80D9671E171b
LDO,lido-snapshot.eth,0x3f68e9bc69850da419211c3d9f0a76d006ed044abc0f8bc845bc1d1cf3db0a8d,Nethermind → Twinstake Validator Operations Migration,single-choice,closed,2025-09-01,2025-09-08,72,65160496.999779,0,91.3,0xDbBC6A93ae517D3ea568C04219cbBBd025f01CB6
LDO,lido-snapshot.eth,0x7d7f0e1a6d181310f8752af37e20515a9be258f30b211872f9acca99bc478851,Triggerable Withdrawals Framework in the Lido Protocol,single-choice,closed,2025-07-21,2025-07-28,105,52320604.21566509,0,100.0,0xDbBC6A93ae517D3ea568C04219cbBBd025f01CB6
LDO,lido-snapshot.eth,0xc3f92bcdf8926cfa7528ca6a979c0fdce1e4d0cfaaa72dd6410a76a2e1e55766,CSM v2 Final Rollout,single-choice,closed,2025-07-21,2025-07-28,109,52352774.069550715,0,100.0,0xDbBC6A93ae517D3ea568C04219cbBBd025f01CB6
LDO,lido-snapshot.eth,0x15cdcb4881d85d48e363bcc449cabfc26b627ac395e2515d65d6637453c35ab3,DVT Integration Guidelines for the Curated Module Node Operators,single-choice,closed,2025-06-23,2025-06-30,90,56684500.42254195,0,100.0,0xDbBC6A93ae517D3ea568C04219cbBBd025f01CB6
LDO,lido-snapshot.eth,0xdc208507ca0f659c7f9e38056288aedb7610816ea4020ca751c3422434780de8,Decision on Kyber Network's position in the Oracle Set: rotate to Caliber or remove and change the quorum,single-choice,closed,2025-06-23,2025-06-30,91,56683436.924098454,0,100.0,0xDbBC6A93ae517D3ea568C04219cbBBd025f01CB6
LDO,lido-snapshot.eth,0x8b6addc4be1a9ef4b2a1591be5ac4909aa82c868cd9b7871494b626539a99a8e,Proposal for Updating Block Proposer Rewards Policy to Lido on Ethereum SNOP on Block Proposals v3,single-choice,closed,2025-06-23,2025-06-30,93,56685077.22862226,0,100.0,0xDbBC6A93ae517D3ea568C04219cbBBd025f01CB6
LDO,lido-snapshot.eth,0x26a66c9b91ff46aeac74b6f6714467993edc6840a8f292fb5c1366fc44dec2a6,"LIP-28: Dual Governance — Implementation, Parameters, Committees",single-choice,closed,2025-05-21,2025-05-28,108,50917402.78517981,0,100.0,0xDbBC6A93ae517D3ea568C04219cbBBd025f01CB6
LDO,lido-snapshot.eth,0xf7630cd2bfe47e892f8293cd68be277fefc33ba19f43c756747fe1113456ac4b,Establishment of the Auxiliary Proposer Mechanisms Committee,single-choice,closed,2025-05-21,2025-05-28,109,50917461.51520772,0,100.0,0xDbBC6A93ae517D3ea568C04219cbBBd025f01CB6
LDO,lido-snapshot.eth,0xf7b718e7807f763ba826735781145dd06b79b0228b37b74a22dd5ac252e03c40,Community Staking Module v2. Architecture and Fee Structure,single-choice,closed,2025-05-21,2025-05-28,110,50917467.21571698,0,100.0,0xDbBC6A93ae517D3ea568C04219cbBBd025f01CB6
LDO,lido-snapshot.eth,0x2533d8d3903d94daa4de16ef7abf957441439e7867962ce8709a375479f417de,Extend Delegate Incentivization Program through 2025,single-choice,closed,2025-04-21,2025-04-28,73,68900659.9506752,0,99.9,0xDbBC6A93ae517D3ea568C04219cbBBd025f01CB6
LDO,lido-snapshot.eth,0xc67103e65d8bb4e088ddb89e0a7654fa56db5f0162f5870fca41c5dabd937f11,Lido Alliance application: Twyne,single-choice,closed,2025-04-21,2025-04-28,68,63870214.588292405,0,100.0,0xDbBC6A93ae517D3ea568C04219cbBBd025f01CB6
LDO,lido-snapshot.eth,0xcd1c1a051888efd495d97458ae9fa4fe5198616eb3d92a71d3352d9f25e79c4e,CSM: stakeShareLimit and keyRemovalCharge parameters adjustment,single-choice,closed,2025-04-21,2025-04-28,65,63883883.89084703,0,100.0,0xDbBC6A93ae517D3ea568C04219cbBBd025f01CB6
LDO,lido-snapshot.eth,0x3ecd09e4c0f22d25c711ca5777c49c22d144385b85dd7f696ca6cc66cc0ca157,Increasing LOL Easy Track Limits to align with Grant Requests,single-choice,closed,2025-04-21,2025-04-28,71,63870238.3763912,0,100.0,0xDbBC6A93ae517D3ea568C04219cbBBd025f01CB6
LDO,lido-snapshot.eth,0xf752b2dbc9cf8693abf01b29938d7f7e0dd7e1ebe088583fd61da7641b870a36,Re-endorsement of wstETH on Starknet,basic,closed,2025-03-26,2025-04-03,177,17911590.089718476,0,100.0,0x01519Ce4a6276EF977E6e63BbDBfef9187197E99
DIMO,dimo.eth,0x842aad650ab79223f9c202a3df3e7805a7f602c56c843105e6e1a7904d6b391b,DIP 1: Amendment 3,basic,closed,2025-08-22,2025-08-29,8,54624086.214155525,35000000,100.0,0xa3bcc9701E360ddF642d6cf23eCB86ba9a95B3cf
DIMO,dimo.eth,0xf327f03ded83c1c81e6d244f7b189e8ca4c3ebd91040153ac0510ad550ecb829,DIP 6: Amendment 6,basic,closed,2025-08-22,2025-08-29,7,46926949.0594289,35000000,99.9,0xa3bcc9701E360ddF642d6cf23eCB86ba9a95B3cf
DIMO,dimo.eth,0x64f8a9a250a4519cbe6563f23d64640e21dd109c18e3c1c295bcf9d85ca18015,DIP 2: Amendment 5,basic,closed,2025-08-19,2025-08-26,7,54624473.80232109,35000000,100.0,0xa3bcc9701E360ddF642d6cf23eCB86ba9a95B3cf
DIMO,dimo.eth,0xa9e9f9cc9ea0d8af7d57a8c9b3ee7e28b330129cf9216adbdf2861f5aa5a3d6c,DIP-11: DIMO Japan 智猛 日本,basic,closed,2025-08-19,2025-08-26,8,54904257.11833891,35000000,100.0,0xa3bcc9701E360ddF642d6cf23eCB86ba9a95B3cf
WXM,weatherxm.eth,0x12f2a954126c1ce10816843162354539dd684f5e902ea463aa0b05bc221e566d,WIP-004: QoD Weighting with Linear SPV Multiplier,basic,closed,2026-02-12,2026-02-15,26,1013434.1904418343,150000,99.8,0xd20d4E3C76Cdd7bDa1D847A676A88eb4e55b31B1
WXM,weatherxm.eth,0x706c570aff12bfc8443a5a32eae1e36f533a264451b56b28005de00b95e13a37,WIP-003: GrantsXM – Driving WeatherXM’s Impact Through a Grants & Incubation Program,basic,closed,2025-10-27,2025-11-03,17,65632.51114425325,150000,99.7,0xd20d4E3C76Cdd7bDa1D847A676A88eb4e55b31B1
WXM,weatherxm.eth,0x8efd2726a1b4422977a0cdca9822f0bf624cf5aa086ddeeac1f5324ab944422c,WIP-002: Boost Rewards for Targeted Rollouts (TROv2),basic,closed,2025-09-03,2025-09-10,45,192129.03104417623,150000,89.0,0x819Fc5b430c5B2f1867A6907E6870AC6b8E158d8
WXM,weatherxm.eth,0xff24e822f42a677c5ce1b8cc00148b353af58debb72cc8fe5872fd43d4a13f75,WIP-001: GPS Penalty Adjustment,basic,closed,2025-04-04,2025-04-11,118,175569.68823313952,0,97.0,0xAE144A9dcEd306346E8D213B4E84b4fA84912B8a
ARB,arbitrumfoundation.eth,0x04d6219c392f3f6187779f609d6cad21e3b3d6091809355ad12ba6bb39b55834,[Constitutional] AIP: ArbOS 60 Elara,basic,active,2026-03-26,2026-04-02,1196,64266592.58089078,0,100.0,0xb4c064f466931B8d0F637654c916E3F203c46f13
ARB,arbitrumfoundation.eth,0xf78c223115031090b918ea09fa585d340718a426a21eb1556d81d19892e10b39,Updating the Code of Conduct & DAO Procedures to Become Living Documents,basic,active,2026-03-26,2026-04-02,1188,64252025.211630374,0,99.9,0xb4c064f466931B8d0F637654c916E3F203c46f13
ARB,arbitrumfoundation.eth,0x703ef86b79590b07f770dd2369666085e112e2a8998a7e2f8011ed755611968c,Automate the Consolidation of Idle Funds into the Treasury Management Portfolio,basic,closed,2026-03-05,2026-03-12,1575,185138773.16478333,0,98.3,0xb4c064f466931B8d0F637654c916E3F203c46f13
ARB,arbitrumfoundation.eth,0x3ac48360cb2cf6f921e391a97416a53c8ca442e3a621a9f7bb406719a8f8034d,[Constitutional] DVP Quorum for ArbitrumDAO: Implementation & Parameters,basic,closed,2026-02-05,2026-02-12,1575,214666694.35822108,0,98.3,0xb5B069370Ef24BC67F114e185D185063CE3479f8
ARB,arbitrumfoundation.eth,0xa06500740b56c647f25bd3edba80bf05b00140afe99d6b0d27c0f1dc93287901,Rewarding Active Delegates (RAD) Program,basic,closed,2025-12-04,2025-12-11,2554,232376999.01792055,0,53.6,0xb5B069370Ef24BC67F114e185D185063CE3479f8
ARB,arbitrumfoundation.eth,0x12bad84219d04c54cd72231ad8fe883499e85c14762919a06aaa7a251d64b8da,AGV - 2026 Council Elections,weighted,closed,2025-11-27,2025-12-04,1691,184301062.31638572,0,28.1,0xAbAbE91A907fAdff921720C43ABe4098e7245E99
ARB,arbitrumfoundation.eth,0x0a3a7b84c7c01cc0feb8a7fad662cbf1f5aeb1b089b205ce412e2bc01d99c504,John Kennedy reconfirmation for AGV council,basic,closed,2025-11-20,2025-11-27,1903,186883147.87124765,0,67.6,0x4F685B29514eed0c9D929386E86D9cd81981118B
ARB,arbitrumfoundation.eth,0x2253b8cdf0d483adf4dd1e9c4a9f473184a51a0ee3e8e826371c203f376edbc6,Tim Chang reconfirmation for AGV council,basic,closed,2025-11-20,2025-11-27,1903,176721209.9087112,0,71.4,0x4F685B29514eed0c9D929386E86D9cd81981118B
ARB,arbitrumfoundation.eth,0x4a96a91d162975de0d402b83ca8b8a24e808ca357150120fc0d44ae0bf1cc4a5,"AIP: Raise the gas target, min L2 base fee, & implement improvements to the pricing algorithm",basic,closed,2025-11-13,2025-11-20,2073,137278150.16852942,0,93.3,0xb4c064f466931B8d0F637654c916E3F203c46f13
ARB,arbitrumfoundation.eth,0x23702e34d0ffdabe6e17315f81daaf4119a36d108326473a6e063a35da5ba281,AGV Council Compensation Calibration: Startup-Phase Bonus for Current Council Members,basic,closed,2025-11-06,2025-11-13,2154,165579065.62635612,0,68.3,0x4F685B29514eed0c9D929386E86D9cd81981118B
ARB,arbitrumfoundation.eth,0x44dedacbdae958904427db9ee93065917f57f50b71b4e87a94a318de18df399b,The DAO Incentive Program (DIP 2.0),basic,closed,2025-10-23,2025-10-30,2076,183452042.43065897,0,62.7,0xd333Bc5c9670C9cEb18f9A2CF02C6E86807a8227
ARB,arbitrumfoundation.eth,0xb9e775ba4f1fa8cdc8e45c342428c3dabff7f19ce7b8cc4bde7cc6c8e542d963,[Temperature Check] Should we try a Delegate Incentive Program like the Arbitrum Triple Dip?,basic,closed,2025-10-16,2025-10-23,2416,164691971.4498732,0,83.1,0xE594469fDe6AE29943a64f81d95c20F5F8eB2e04
ARB,arbitrumfoundation.eth,0xdfdf56e53e2a77968c2c124be9210a5f33cb2261cca00e1d6b04f8bb6dfa626d,AGV Council Compensation Calibration: Benchmark for Future Council Terms,basic,closed,2025-10-16,2025-10-23,2332,183124940.93856966,0,85.7,0x4F685B29514eed0c9D929386E86D9cd81981118B
ARB,arbitrumfoundation.eth,0xc5f06144fa92aaff99e0e44482ab6f7a3f6486dfb6c854d16271399ffcf895e6,[Constitutional] AIP: DVP Quorum,single-choice,closed,2025-10-09,2025-10-16,2147,174321189.09805372,0,90.3,0xb4c064f466931B8d0F637654c916E3F203c46f13
ARB,arbitrumfoundation.eth,0x15d7bef4adb076e13fbbc0941543eb93cff9512e2c83ada0498ef1df290c67a5,"Transfer 8,500 ETH from the Treasury to ATMC’s ETH Treasury Strategies",basic,closed,2025-09-25,2025-10-02,2396,157324465.26870874,0,72.0,0xb4c064f466931B8d0F637654c916E3F203c46f13
ARB,arbitrumfoundation.eth,0xb41324ddcc115d08149b192e0b8ae4cfad0ef39cecb5663ea63d8a460d2cb3cc,[CONSTITUTIONAL] AIP: Security Council Election Process Improvements,approval,closed,2025-09-04,2025-09-11,2278,174429403.37226114,0,88.3,0xb5B069370Ef24BC67F114e185D185063CE3479f8
ARB,arbitrumfoundation.eth,0xb1a39a0b7543e03cbb7aca0213448f4fbed4cbf1157fcb1b2458540fb452bc73,Revert the Delegate Incentive Program (DIP) to Version 1.5,ranked-choice,closed,2025-09-04,2025-09-11,2255,164021449.18586263,0,68.9,0xE594469fDe6AE29943a64f81d95c20F5F8eB2e04
ARB,arbitrumfoundation.eth,0x33754da4006d0ef38666ec5d5e85fd0966a891a594ab9dc21f23beedea2d330b,[CONSTITUTIONAL] AIP: ArbOS Version 50 Dia,basic,closed,2025-08-28,2025-09-04,2696,168213491.78441584,0,99.6,0xb5B069370Ef24BC67F114e185D185063CE3479f8
ARB,arbitrumfoundation.eth,0x008f190725018c3db0e6464bf31d44f09a4d7773fd1486dff0c52c27b8aba289,"[Non-Constitutional] - Updates to the DIP, The Complete 1.7 Version",single-choice,closed,2025-07-31,2025-08-07,2337,189237026.4312013,0,80.4,0xAbAbE91A907fAdff921720C43ABe4098e7245E99
ARB,arbitrumfoundation.eth,0x95a85f5d3d82215793ba9771ff06610d2ba9e2eaf58cdba904d7a9cb5b8bdc94,Consolidate Idle USDC to the ATMC’s Stablecoin Balance,basic,closed,2025-07-24,2025-07-31,3312,190060558.81374085,0,91.5,0xb4c064f466931B8d0F637654c916E3F203c46f13
ARB,arbitrumfoundation.eth,0xd5a66f784523841511f7ffec4171b9c14404fdbf7c205086312084d19c95c193,[Constitutional] AIP: Disable Legacy Tether Bridge,basic,closed,2025-07-24,2025-07-31,3265,191259179.7778888,0,83.4,0xb5B069370Ef24BC67F114e185D185063CE3479f8
ARB,arbitrumfoundation.eth,0xd3d164905fee7dfd8516db6150a97f7f91cf6f9377f614fa6a82333c4fb20546,Updating the Code of Conduct & DAO’s Procedures,basic,closed,2025-07-18,2025-07-25,2867,175178928.61814728,0,90.8,0xb4c064f466931B8d0F637654c916E3F203c46f13
ARB,arbitrumfoundation.eth,0x586de5bf366820c4369c041b0bbad2254d78fafe1dcc1528c1ed661bb4dfb671,[CONSTITUTIONAL] Register $BORING in the Arbitrum generic-custom gateway,basic,closed,2025-07-10,2025-07-17,2996,200356833.353621,0,91.6,0x1B686eE8E31c5959D9F5BBd8122a58682788eeaD
ARB,arbitrumfoundation.eth,0xc08147e229fa642ee7da2e5180f225122b8c517024902f21cdcd02b376179b8d,[Constitutional] AIP: Update the Upgrade Executors,basic,closed,2025-07-10,2025-07-17,2986,200302895.7229533,0,89.8,0xb4c064f466931B8d0F637654c916E3F203c46f13
ARB,arbitrumfoundation.eth,0x320cd2a99a0544184c06e1bd305aab1fc226ab0b498e077bc857a07045194f43,"Entropy Advisors: Exclusively Working with the Arbitrum DAO, Year 2 and Year 3",basic,closed,2025-07-10,2025-07-17,2946,206653223.8179603,0,79.2,0xb4c064f466931B8d0F637654c916E3F203c46f13
ARB,arbitrumfoundation.eth,0x765b297702f21736e7b52c23d781dc76968519fef9c7b1ca1f924d167b2a6899,Arbitrum Research and Development Collective V2 - Extension,weighted,closed,2025-07-04,2025-07-11,2660,175557899.7989989,0,79.8,0xb5B069370Ef24BC67F114e185D185063CE3479f8
ARB,arbitrumfoundation.eth,0xd7529f75df21183d0eb9bce0cc828d56e9a100f449857c16177d98db6497cc16,Extend AGV Council Term and Align Future Elections with Operational Cadence,basic,closed,2025-06-27,2025-07-04,2805,148233260.85816917,0,78.0,0xb4c064f466931B8d0F637654c916E3F203c46f13
ARB,arbitrumfoundation.eth,0x131574819442cb6da293795ee9faeec4754a5af664b535b654b3d9d3d53f47e1,Audit Committee Technical Expert Elections,weighted,closed,2025-06-26,2025-07-03,2522,144756145.7738858,0,78.9,0xA7860E99e3ce0752D1ac53b974E309fFf80277C6
ARB,arbitrumfoundation.eth,0xeb044e3bdeba71e74dea02abeab4c33fe4bf5ab9def50082863702d5e2112b93,[Constitutional] AIP: Remove Cost Cap on Arbitrum Nova,basic,closed,2025-06-19,2025-06-26,2680,196614839.71142566,0,91.4,0xd333Bc5c9670C9cEb18f9A2CF02C6E86807a8227
ARB,arbitrumfoundation.eth,0xfab795313df4ef1023c5f7f9027857637cc3841d62dc0b54796fbfa5f8096919,Arbitrum Treasury Management Council - Consolidating Efforts,basic,closed,2025-06-19,2025-06-26,2679,196575078.23348358,0,91.4,0xb4c064f466931B8d0F637654c916E3F203c46f13
ARB,arbitrumfoundation.eth,0x38663c36b26252acff6c6ca43663167858f51f960235dc0441bd2ad4a8f66fb1,Let’s improve our governance forum with three proposals.app feature integrations,basic,closed,2025-06-12,2025-06-19,3338,192062874.39484125,0,50.3,0xA7860E99e3ce0752D1ac53b974E309fFf80277C6
ARB,arbitrumfoundation.eth,0x65b2b835f03bc18aa401b88702145e6b7686e8d7ddddfd956837251f8a7a7da1,Updating the OpCo Foundation’s Operational Capability,basic,closed,2025-06-12,2025-06-19,3300,194179791.71348834,0,85.0,0xb5B069370Ef24BC67F114e185D185063CE3479f8
ARB,arbitrumfoundation.eth,0xfd373c58adbb013a05c778b71ccffb19e5bbefb8a100232f67eced33c58e22f7,Reallocate Redeemed USDM Funds to STEP 2 Budget,basic,closed,2025-06-05,2025-06-12,2949,197091443.31974384,0,91.0,0xb4c064f466931B8d0F637654c916E3F203c46f13
ARB,arbitrumfoundation.eth,0x1de2707ab4cf792721544a8f82eee98535c16ce437ba2ac95a78c85c20b6d8b0,Wind Down the MSS + Transfer Payment Responsibilities to the Arbitrum Foundation,single-choice,closed,2025-05-29,2025-06-05,2728,183863778.9424648,0,87.4,0xb4c064f466931B8d0F637654c916E3F203c46f13
ARB,arbitrumfoundation.eth,0x9ea3f5ef5b6c838ffc24430bb927baa13bf25dcf5f444358e89f0958bb41a5e7,Adjust the Voting Power of the Arbitrum Community Pool & Ratify the Agentic Governance Pivot,single-choice,closed,2025-05-29,2025-06-05,2700,199419625.0712314,0,69.8,0x1B686eE8E31c5959D9F5BBd8122a58682788eeaD
ARB,arbitrumfoundation.eth,0x2d4089d72617eb137d6ee7ab9ae9efbe3cd1e0fcff48df24b926ce6259b734d3,[Constitutional] AIP: Constitutional Quorum Threshold Reduction,basic,closed,2025-05-22,2025-05-29,2917,188010875.82090655,0,86.0,0xd333Bc5c9670C9cEb18f9A2CF02C6E86807a8227
ARB,arbitrumfoundation.eth,0x0b62de171fbff7a81833f9ebb44b9747189264d7a2cf95e3446223b1c413d2b0,DeFi Renaissance Incentive Program (DRIP),basic,closed,2025-05-16,2025-05-23,2884,206123376.0151054,0,82.6,0xb4c064f466931B8d0F637654c916E3F203c46f13
ARB,arbitrumfoundation.eth,0xbb7500b713ccf4eff3f2dcb61e3c9d8db5ed5628a4b2f891656a0c0de98907bd,[Non-consitutional]: Top-up for Hackathon Continuation Program,single-choice,closed,2025-05-01,2025-05-08,3370,210165302.5498002,0,89.3,0xd333Bc5c9670C9cEb18f9A2CF02C6E86807a8227
ARB,arbitrumfoundation.eth,0xd67d17db3bd230b163ce1f791d8712812446bced14ef2de875fd01ab3e2be3d6,Approval of STEP 2 Committee's Preferred Allocations,basic,closed,2025-05-01,2025-05-08,3649,184620997.11465624,0,88.8,0xb4c064f466931B8d0F637654c916E3F203c46f13
ARB,arbitrumfoundation.eth,0x9d13c56f911796a578812959f775092b3644901be17738a2d41c516d8a8f2e9b,TMC ARB Recommendation,single-choice,closed,2025-03-27,2025-04-03,3125,158798659.66955996,0,58.1,0xb4c064f466931B8d0F637654c916E3F203c46f13
ARB,arbitrumfoundation.eth,0xdd38e103e337b9e02a9d9ac73c2587db5be6cfb46506e13c0e897f7331895cf4,TMC Stablecoin Recommendation,single-choice,closed,2025-03-27,2025-04-03,3132,158793825.8792119,0,72.3,0xb4c064f466931B8d0F637654c916E3F203c46f13
ARB,arbitrumfoundation.eth,0xb422848b0f53f9077444b922d553618e331f9abe7539ae4566ff84364d0fbd3c,OpCo – Oversight and Transparency Committee (OAT) Elections,weighted,closed,2025-03-27,2025-04-03,2976,205732078.66927853,0,26.5,0xb4c064f466931B8d0F637654c916E3F203c46f13
ARB,arbitrumfoundation.eth,0x7689f957c8cc37e991c7bed0f1d3dd3f6024a921b0bfbae5c897a09ab45c538b,[Non-constitutional] ARB Incentives: User Acquisition for dApps & Protocols,basic,closed,2025-03-27,2025-04-03,3151,167769963.67751062,0,67.5,0x1B686eE8E31c5959D9F5BBd8122a58682788eeaD
